type,id,answer,answer_source,confidence,question
judge,1,×,official,high,人工智能训练师在训练过程中，可以随意使用任何来源的数据进行模型训练。
judge,2,×,official,high,人工智能训练师的职业道德标准是固定不变的，不受社会和技术进步的影响。
judge,3,×,official,high,人工智能训练师在职业道德建设中，应该注重个人利益，忽视对社会和环境的责任。
judge,4,√,official,high,人工智能训练师在职业实践中不需要具备跨学科知识。
judge,5,×,official,high,人工智能训练师在训练AI模型时，无需考虑数据的合法性和道德性，只需关注模型的性能。
judge,6,√,official,high,在解决AI模型中的道德问题时，人工智能训练师不需要承担任何责任。
judge,7,√,official,high,人工智能训练师职业守则是规范人工智能训练师职业行为的一套准则，旨在确保他们在工作中遵循高标准的道德和职业操守。
judge,8,√,official,high,职业守则对从业人员具有指导作用和规范作用。
judge,9,×,official,high,职业守则的社会功能不包括促进公众对人工智能训练师工作的信任。
judge,10,√,official,high,职业守则的制定过程仅限于专业人士的意见，不应考虑非专业人士的观点。
judge,11,×,official,high,职业守则的实施与监督是不必要的，因为人工智能训练师会自然遵守这些准则。
judge,12,×,official,high,职业技能的内涵仅包括技术技能，不包括沟通和解决问题的能力。
judge,13,×,official,high,人工智能训练师的职业守则不要求训练师持续更新他们的知识和技能。
judge,14,√,official,high,Windows输入法具有智能联想功能，能够根据用户输入的内容推荐接下来的可能词汇。
judge,15,×,official,high,使用Windows系统维护可以清理磁盘空间、优化启动项和卸载不需要的软件。
judge,16,×,official,high,Windows系统遇到蓝屏故障时，只能通过重装系统来解决。
judge,17,×,official,high,人工智能训练师通常不需要了解任何编程语言就能高效地完成工作。
judge,18,×,official,high,在浏览器中使用前进和后退按钮可以帮助用户在访问过的网页之间导航。
judge,19,×,official,high,人工智能训练师需要具备深厚的编程知识，但不需要了解数据科学和机器学习算法。
judge,20,×,official,high,在Microsoft Office中，Ctrl+C是复制所选内容的快捷键。
judge,21,√,official,high,使用Word进行高效办公时，可以一次性打开多个文档进行编辑。
judge,22,√,official,high,在Microsoft Word中，样式库可以帮助用户快速应用预设的文本和段落格式。
judge,23,×,official,high,在Word中，可以通过插入图片的方式来实现图文混排。
judge,24,√,official,high,在Microsoft Excel中，可以使用公式来对数据进行计算和分析。
judge,25,√,official,high,在Excel中，使用SUM函数可以计算多个单元格的和。
judge,26,×,official,high,在Excel中，利用图表功能可以将数据以直观的可视化形式展现出来。
judge,27,√,official,high,在PPT的结构设计中，人工智能训练师不需要包含关于模型评估和选择的章节，因为这是机器学习工程师的责任。
judge,28,×,official,high,人工智能训练师在制作PPT时，不必关注视觉设计元素，因为内容本身比形式更重要。
judge,29,√,official,high,在PPT的内容编排中，人工智能训练师不需要解释算法的数学原理，只需展示算法的应用效果即可。
judge,30,×,official,high,在PPT中使用动画和交互功能对于人工智能训练师来说是一个必要的技能，因为它可以大幅提高演示的吸引力和教学效果。
judge,31,√,official,high,以欺诈、胁迫的手段或者乘人之危，使对方在违背真实意思的情况下订立或者变更的劳动合同是无效的。
judge,32,×,official,high,劳动合同中约定的试用期工资不得低于本单位相同岗位最低档工资或者劳动合同约定工资的80%，并不得低于用人单位所在地的最低工资标准。
judge,33,√,official,high,劳动者在试用期内可以随时单方解除劳动合同，无需通知用人单位。
judge,34,×,official,high,用人单位可以随意解雇员工，无需任何理由。
judge,35,×,official,high,网络运营者应当采取技术措施和其他必要措施，确保其收集的个人信息安全，防止信息泄露、损毁、丢失。
judge,36,×,official,high,网络接入的规范要求中，必须使用安全的加密技术来保护用户的数据传输安全。
judge,37,×,official,high,关键信息基础设施由于其重要性，不需要进行特殊保护。
judge,38,×,official,high,专利申请权主体可以是两个或两个以上的自然人共同拥有。
judge,39,×,official,high,专利授权的实质性条件之一是发明必须具备实用性、新颖性和创造性。
judge,40,√,official,high,在实质审查阶段，专利局会对申请人的发明创造进行新颖性、创造性和实用性的审查。
judge,41,×,official,high,遵纪守法对于维护社会秩序和公平正义没有实质性的作用。
judge,42,×,official,high,人工智能训练师在职业实践中不需要了解劳动法的基本原则，因为劳动法与人工智能技术无关。
judge,43,×,official,high,劳动关系是指劳动者与用人单位之间为实现劳动过程而发生的劳动力与生产资料相结合的社会关系。
judge,44,×,official,high,劳动合同的订立必须遵循国家法律法规的规定。
judge,45,×,official,high,劳动合同中关于试用期的约定，用人单位可以根据自己的需要随意设定。
judge,46,√,official,high,用人单位必须为劳动者提供符合国家规定的劳动安全卫生条件和必要的劳动防护用品，对从事有职业危害作业的劳动者应当定期进行健康检查。
judge,47,√,official,high,知识产权法的基本原则之一是保护创作者的合法权益，这意味着创作者可以随意使用他人的作品而不需要征得原作者的同意。
judge,48,×,official,high,著作权法只保护原创性的作品。
judge,49,×,official,high,发明专利权的保护期限为10年，实用新型和外观设计专利权的保护期限为10年。
judge,50,×,official,high,知识产权的保护措施可以防止他人未经许可使用、复制或传播受保护的作品。
judge,51,√,heuristic,medium,数据源于业务又作用于业务，智能平台基于数据也服务于数据。
judge,52,×,heuristic,low,数据质量的核心维度，其中及时性指数据记录的信息是否存在异常或错误。
judge,53,×,heuristic,low,数据质量问题的根源主要在于数据录入过程中的错误。
judge,54,√,heuristic,medium,数据质量问题的类型主要包括数据不完整、数据不准确、数据不一致、数据不可用。
judge,55,√,heuristic,medium,数据清洗的关键是“建立清洗规则”，即建立符合业务需要的数据清洗方案。
judge,56,×,heuristic,high,数据的实时性意味着数据必须立即被采集和处理，没有延迟。
judge,57,×,heuristic,low,数据验证的主要技术包括范围检查、格式验证、唯一性检查和数据类型检查，这些技术确保数据的准确性和一致性。
judge,58,×,heuristic,low,数据的格式决定了数据的结构和组织方式。
judge,59,√,heuristic,medium,在数据传输过程中，使用SSL/TLS协议是为了确保数据的机密性和完整性。
judge,60,√,heuristic,medium,数据质量管理的一个重要原则是持续改进，不断提高数据的准确性和完整性。
judge,61,√,heuristic,medium,在业务数据采集过程中，应优先考虑数据的实时性，而可以适当牺牲一定的准确性。
judge,62,×,heuristic,medium,业务数据采集质量的评价标准仅包括数据的准确性和完整性。
judge,63,×,heuristic,low,在业务数据采集过程中，数据的质量和完整性是采集流程的首要考虑因素。
judge,64,×,heuristic,medium,使用自动化工具进行业务数据采集可以完全替代人工操作。
judge,65,×,heuristic,medium,在业务数据采集过程中，所有采用的方法都必须严格遵循相关的数据保护法规和隐私政策。
judge,66,×,heuristic,medium,人工智能在处理业务数据时，仅依赖于内部数据源进行学习和优化。
judge,67,×,heuristic,medium,在人工智能应用中，抽样技术仅用于数据预处理阶段。
judge,68,×,heuristic,low,随机采样是指传感器在收到随机信号或随机事件时进行数据采集。
judge,69,×,heuristic,high,系统日志数据采集只能通过实时监控的方式进行。
judge,70,×,heuristic,medium,网络数据采集必须使用专业的网络爬虫工具。
judge,71,×,heuristic,medium,业务数据处理规范仅涉及数据的收集和存储环节。
judge,72,√,heuristic,medium,人工智能训练师在处理业务数据时，应当避免使用任何可能侵犯隐私的数据处理方法。
judge,73,√,heuristic,medium,在业务数据分析中，人工智能训练师通常需要使用探索性数据分析EDA来理解数据的基本情况。
judge,74,√,heuristic,medium,人工智能训练师在业务数据加工时，应确保所有处理后的数据都能逆向恢复到原始状态。
judge,75,√,heuristic,medium,业务数据加工对于人工智能训练师而言，主要作用在于提高数据的质量和模型的性能。
judge,76,×,heuristic,low,人工智能训练师在进行业务数据整合时，应避免对来自不同来源的数据进行标准化处理。
judge,77,×,heuristic,low,业务数据整合的作用主要是为了增强数据的一致性和减少数据的冗余。
judge,78,×,heuristic,medium,人工智能训练师在处理业务数据时，不需要关注数据的加密和安全存储。
judge,79,×,heuristic,medium,人工智能算法测试员在进行业务数据处理时，不需要对处理步骤和结果进行文档记录。
judge,80,×,heuristic,low,对于人工智能训练师而言，业务数据的备份和恢复不是其职责范围内的必要任务。
judge,81,√,heuristic,medium,数据采集是获得有效数据的重要途径，同时也是工业大数据分析和应用的前提，需要在大数据分析之前准备好。
judge,82,√,heuristic,medium,在进行互联网数据采集时，我们需要关注数据的多样性、实时性和可靠性，以确保人工智能模型的有效性和准确性。
judge,83,√,heuristic,medium,工业数据采集是工业生产过程中的重要环节，它涉及将生产现场的各种数据通过特定的技术手段进行实时或定期采集，并传输至数据中心进行分析处理。
judge,84,×,heuristic,low,数据采集流程框架中，起始步骤是搭建设备，场景。
judge,85,×,heuristic,low,数据格式转换是指将数据从一种格式转变为另一种格式的过程，这一过程会改变数据的本质属性。
judge,86,×,heuristic,low,数据采集在市场营销中的应用场景和价值相对较低，因为市场营销更侧重于创意和策略而非数据收集。
judge,87,√,heuristic,high,在人工智能领域，数据采集工具的分类与选择对于数据的质量和可用性有着直接的影响。正确选择数据采集工具能够确保数据的准确性、完整性和时效性，从而提高人工智能模型的性能。因此，对数据采集工具的分类与选择进行深入研究是至关重要的。
judge,88,√,heuristic,medium,通过特征选择和降维技术，可以减少噪声和不必要的复杂性，从而提高模型的泛化能力。
judge,89,√,heuristic,high,在音频数据采集过程中，实施优化策略对于提高音频数据的质量和可用性至关重要。这些策略包括使用高质量的录音设备、选择合适的采样率、以及实施降噪处理等。
judge,90,×,heuristic,medium,自动驾驶汽车场景下，传感器校准始终固定是图像及视频数据采集比较好的优化策略之一。
judge,91,×,heuristic,medium,人工智能训练师不需要掌握数据处理的定义。
judge,92,√,heuristic,medium,对于人工智能训练师来说，理解数据处理的重要性是不必要的。
judge,93,√,heuristic,medium,数据处理的主要步骤包括数据收集、数据清洗、数据转换、数据建模和数据可视化。在数据建模阶段，主要的工作是对数据进行初步分析，以确定数据的基本特征。
judge,94,×,heuristic,medium,数据分析的主要目的是通过统计和机器学习技术，对大量数据进行处理和分析，以发现有用的模式、趋势和关联，从而为决策提供支持。数据分析可以完全替代人类的直觉和经验。
judge,95,×,heuristic,high,数据挖掘仅关注于从大量数据中提取有用的信息，而不考虑这些信息如何被实际应用。数据挖掘的结果不需要与业务目标对齐。
judge,96,×,heuristic,high,数据安全主要关注数据的机密性、完整性和可用性，而与数据的使用环境和方式无关。只要数据不被未授权访问，就认为达到了数据安全的要求。
judge,97,×,heuristic,medium,隐私保护是为了保护个人信息不被未经授权的访问和使用，与企业的商业利益无关。企业可以在不侵犯个人隐私的前提下自由地使用客户数据。
judge,98,×,heuristic,high,数据本身的安全是指保护数据不受未经授权的访问、使用、披露、中断、修改或破坏，而与数据的存储位置、传输途径或处理方式无关。
judge,99,√,heuristic,high,数据防护的安全既包括数据的存储和保护，也涵盖了数据的传输和处理过程。确保数据在整个生命周期中的安全是数据防护的总体目标。
judge,100,×,heuristic,low,数据处理的常见方案主要侧重于使用高级算法和复杂模型来提取数据价值，而对数据的物理存储格式和检索效率不做太多考虑。
judge,101,√,heuristic,medium,数据特征可以是数值型、类别型或二进制型，它们对模型的性能有着直接的影响。
judge,102,×,heuristic,medium,在数据标注员的职业考核中，数据归类仅指将数据分为预定的类别。
judge,103,×,heuristic,medium,数据归类的目的不仅仅是为了美观或格式化数据，它对数据分析的结果具有实质性影响。
judge,104,×,heuristic,low,数据归类的意义在于它能够自动识别和分类数据，减少人工干预的需求，但这并不直接影响数据分析的深度和广度。
judge,105,×,heuristic,medium,数据归类的基本方法仅包括手动分类和自动分类两种，没有其他的方法可以组织数据。
judge,106,√,heuristic,medium,数据归类的基本步骤包括数据收集、数据清洗、确定分类标准、数据分类、验证和调整，以及分析和应用。
judge,107,×,heuristic,medium,在选择数据归类工具时，我们只需要考虑工具的归类功能是否强大，而无需关注其易用性和可扩展性。
judge,108,×,heuristic,medium,数据归类工具只适用于大型企业，对小型企业或个体研究者来说不必要。
judge,109,×,heuristic,low,所有常用的数据归类处理工具都是免费的。
judge,110,√,heuristic,medium,大多数常用的数据归类可视化工具都具备机器学习功能，可以自动进行数据分类。
judge,111,×,heuristic,medium,数据分类仅适用于结构化数据，非结构化数据无法进行分类。
judge,112,×,heuristic,low,所有的分类算法都基于相同的数学原理。
judge,113,×,heuristic,low,分类算法的常用应用场景不包括自然语言处理领域，如情感分析、文本分类等
judge,114,×,heuristic,low,决策树算法是一种基于树形结构的分类算法，它通过递归地将数据集划分为若干个子集，直到满足停止条件为止。
judge,115,×,heuristic,low,数据分类性能的度量指标中，准确率是最常用且最能反映分类器整体性能的指标。
judge,116,×,heuristic,low,数据聚类是一种无监督学习方法，其目的是将相似的数据点划分为同一组，从而揭示数据的内在结构和模式。
judge,117,×,heuristic,low,K-均值聚类算法是一种基于密度的聚类方法，它通过迭代地更新聚类中心来最小化每个点到其所属聚类中心的距离之和。
judge,118,√,heuristic,medium,聚类算法通常用于监督学习场景中。
judge,119,√,heuristic,medium,K-Means聚类算法是一种无监督学习算法，用于将数据点分为K个集群，使得每个数据点属于距离其最近的均值点的集群。
judge,120,√,heuristic,medium,轮廓系数【Silhouette Coefficient】是一种用于评估数据聚类效果的好坏的度量指标。
judge,121,√,heuristic,medium,规则关联挖掘方法通常用于发现大量数据中的项之间有趣的关系，如市场篮分析中的经常一起购买的商品。
judge,122,√,heuristic,medium,逻辑回归是一种用于分类问题的统计方法，特别是当响应变量是二分类时，它输出的是概率值。
judge,123,×,heuristic,low,决策树方法是一种非线性的分类和回归技术，它能够捕捉数据中的复杂交互关系。
judge,124,√,heuristic,medium,支持向量机SVM是一种监督学习算法，主要用于分类问题，也能处理回归问题。
judge,125,√,heuristic,medium,朴素贝叶斯分类器基于贝叶斯定理和特征条件独立假设，通常用于文本分类和垃圾邮件检测。
judge,126,√,heuristic,medium,卷积神经网络CNN通常用于处理图像数据，能够识别图像中的视觉模式。
judge,127,×,heuristic,low,循环神经网络RNN特别适合处理序列数据，如时间序列分析或自然语言处理。
judge,128,√,heuristic,medium,深度学习模型通常需要大量的数据和计算资源来训练，因为它们包含更多的参数并能够学习数据的高层次抽象。
judge,129,√,heuristic,medium,监督学习主要包括分类和回归两种类型，目的是从标记过的训练数据中学习预测模型。
judge,130,√,heuristic,medium,无监督学习主要包括聚类和降维两种类型，旨在从数据中发现隐藏的结构或模式。
judge,131,√,heuristic,medium,半监督学习利用少量标记数据和大量未标记数据来训练模型，常见的类型包括自训练和多视图学习。
judge,132,×,heuristic,medium,准确率Accuracy是评估分类模型性能的唯一指标。
judge,133,√,heuristic,medium,交叉验证是一种评估模型性能的方法，其基本思想是通过将数据集划分为多个子集，并轮流使用其中的若干个子集作为测试集，其余子集作为训练集，从而多次评估模型的性能。这种方法能够充分利用数据，提高模型的可靠性和泛化能力。
judge,134,√,heuristic,medium,过拟合和欠拟合是机器学习中两种相反的现象。过拟合是指模型在训练集上表现很好，但在测试集上表现较差，这通常是因为模型过于复杂。而欠拟合则是指模型在训练集和测试集上都表现不佳，这通常是由于模型过于简单，无法捕捉到数据的复杂性。对于过拟合，我们通常需要简化模型或增加正则化项；对于欠拟合，则需要增加模型的复杂度或减少正则化项。
judge,135,√,heuristic,medium,过采样是一种用于解决数据不平衡问题的技术，它通过增加少数类别的样本数量来平衡各类别样本的数量。
judge,136,×,heuristic,low,欠采样会减少数据集中的多数类样本，以实现类别间的平衡。
judge,137,√,heuristic,medium,集成学习是通过结合多个模型的预测来提高整体模型性能的方法。
judge,138,×,heuristic,low,迁移学习允许使用在一个任务上训练的模型参数来初始化另一个相关任务的模型，从而加速学习过程。
judge,139,×,heuristic,low,实时数据归类要求模型能够即时处理并分类新收集的数据。
judge,140,×,heuristic,low,在选择数据归类方法时，应考虑数据的特性、预期的归类效果以及计算资源的限制。
judge,141,√,heuristic,medium,在人工智能系统中，维护数据的完整性是确保模型性能和输出准确性的关键因素。
judge,142,√,heuristic,medium,人工智能领域，数据的标准化是为了消除不同量纲和量级的影响，从而提高模型的收敛速度和性能。
judge,143,√,heuristic,medium,数据的封装是一种将数据和操作数据的方法组合在一起的机制，以提高代码的可重用性和可维护性。
judge,144,×,heuristic,low,在大数据处理中，数据的聚合操作是一种将多个数据值合并成一个单一值的过程，以便于进行更有效的数据分析。
judge,145,√,heuristic,medium,在人工智能项目中，合理的数据模型设计可以提高数据处理的效率和准确性，从而提升模型的性能。
judge,146,×,heuristic,low,数据的属性是指数据所具有的特征或性质，它决定了数据的使用和处理方式。
judge,147,×,heuristic,low,数值数据分为整数数据和浮点数数据，它们在计算机中的表示和存储方式相同。
judge,148,×,heuristic,high,类别数据只能进行顺序排列，不能进行数值计算。
judge,149,√,heuristic,medium,数据类别的识别是数据预处理的重要环节，它有助于正确地理解和处理不同类型的数据。
judge,150,×,heuristic,low,数据的维度是指数据集中观测值的数量。
judge,151,√,heuristic,medium,时间维度的划分对于分析时间序列数据和预测未来趋势具有重要意义。
judge,152,√,heuristic,medium,数据清洗是数据预处理的一个重要环节，它旨在识别并纠正数据集中的错误、不完整和不一致，以提高数据的质量和准确性。
judge,153,×,heuristic,low,删除包含错误的记录是数据清洗的常见方法之一。
judge,154,×,heuristic,low,在人工智能领域，数据预处理中的“数据清洗”主要是为了提升数据的可靠性。
judge,155,×,heuristic,medium,在数据分析中，数据定义的准确性和一致性对于结果的可靠性没有影响。
judge,156,×,heuristic,medium,在人工智能应用中，数据格式的规范性对于模型的性能和准确性没有直接影响。
judge,157,×,heuristic,low,数据定义的准确性和一致性不涉及数据含义的明确性。
judge,158,×,heuristic,low,在基于业务需求的数据定义过程中，数据字典是用来记录数据元素、数据结构和数据流的详细描述的工具。
judge,159,√,heuristic,medium,在数据定义过程中，为了保护个人隐私，应当遵循相关法律法规和行业标准，对敏感数据进行脱敏处理。
judge,160,×,heuristic,low,在数据定义过程中，数据安全问题主要关注数据的机密性、完整性和可用性。
judge,161,√,heuristic,medium,数据审核的基本流程包括数据准备、数据检查、数据分析和数据报告四个阶段。
judge,162,√,heuristic,medium,数据审核的方法包括手动审核和自动审核两种方式。
judge,163,×,heuristic,medium,数据标注质量对算法的性能和准确性没有显著影响。
judge,164,×,heuristic,medium,数据质量评估仅涉及检查数据的准确性和完整性。
judge,165,×,heuristic,medium,数据标注质量检验仅依赖于人工检查的方式。
judge,166,×,heuristic,medium,在人工智能领域，图像标注数据类型仅限于目标检测和语义分割。
judge,167,×,heuristic,medium,在标注框类型的质检过程中，只需检查标注框的位置和大小，无需关注标注内容的准确性。
judge,168,×,heuristic,medium,在关键点类型的质检过程中，只需检查关键点的位置，无需关注标注的准确性和一致性。
judge,169,×,heuristic,medium,在区域标注类型的质检过程中，只需检查区域的边界，无需关注标注的准确性和完整性。
judge,170,×,heuristic,medium,在视频数据标注的质检过程中，只需检查标注的准确性和完整性，无需关注标注的时效性。
judge,171,×,heuristic,medium,在语音标注过程中，质量标准仅涉及语音的准确性和完整性。
judge,172,×,heuristic,low,语音数据标注中的错误类型不仅仅包括标注内容的错误和标注格式的错误。
judge,173,×,heuristic,low,有效性错误通常指标注数据中包含了无效或不相关的数据。
judge,174,×,heuristic,low,在视频或音频标注中，截取错误通常指未正确识别出目标的开始和结束时间。
judge,175,×,heuristic,medium,文本错误的质检点与标准仅涉及文本的语法和拼写错误。
judge,176,×,heuristic,medium,特殊部分的质检点与标准仅涉及图像中的边缘和角落。
judge,177,×,heuristic,low,文本标注的数据类型不仅包括情感分析和实体识别，还包括文本分类、关键词提取、命名实体识别、文本聚类等多种类型
judge,178,×,heuristic,low,语料筛选的质检点与标准不仅涉及语料的内容和质量，还包括语料的相关性、多样性、代表性和新鲜度等多个方面。
judge,179,×,heuristic,low,分词标注的质检点与标准不仅涉及分词的准确性和完整性，还包括分词的一致性、可读性和符合语言习惯等方面。
judge,180,×,heuristic,medium,关键词标注的质检点不仅关注标注的准确性和完整性，还必须严格遵循既定的标注标准，以确保标注结果的一致性和可靠性。
judge,181,×,heuristic,low,在数据审核过程中，人工智能工具比传统的手工抽样方法更加高效且准确。
judge,182,√,heuristic,medium,数据审核工具适用于结构化数据和非结构化数据的审核，能够在各种业务场景中提高数据质量和准确性。
judge,183,√,heuristic,medium,数据标注审核验收原则要求确保标注结果的准确性和一致性，同时也要兼顾标注过程的效率和成本。
judge,184,√,heuristic,medium,数据审核工具的高级功能可以实现对复杂数据结构的深度分析和处理，从而提高数据审核的准确性和效率。
judge,185,√,heuristic,medium,数据标注在人工智能的发展中起着至关重要的作用，它是训练机器学习模型的基础，为算法提供高质量的训练数据。
judge,186,√,heuristic,high,在进行文本标注时，确保标注人员充分理解标注标准和要求是至关重要的，这有助于提高标注的准确性和一致性。
judge,187,×,heuristic,low,常用的文本标注工具，如BERT和GPT，它们在自然语言处理领域中被广泛应用，以支持文本分类、情感分析等任务的训练数据准备。
judge,188,×,heuristic,low,在文本处理中，词法分析的主要目的是将文本切分成独立的句子，以便进行后续的分析。
judge,189,×,heuristic,low,在图像标注中，边框标注是一种常用的方法，它通过绘制矩形边框来标识图像中的目标物体，也能描绘出物体外形。
judge,190,×,heuristic,medium,在图像标注领域，LabelImg是一种常用的标注工具，但它仅支持一两种标注格式。
judge,191,√,heuristic,medium,在使用图像标注工具时，可以自己绘制一幅图。
judge,192,√,heuristic,medium,在语音标注中，标注者应确保标注结果的准确性与一致性，其中不包括对音频文件进行任何形式的编辑或修改。
judge,193,×,heuristic,low,在语音标注任务中，使用专业的语音标注软件相比手动标注，能够显著提升标注效率和标注结果的准确性。
judge,194,×,heuristic,low,语音标注工具在使用过程中，依赖于人工智能技术来实现高效准确的标注。
judge,195,√,heuristic,medium,数据标注文件通常具有特定的扩展名，以标识其格式，此格式不能用于其他类型的软件。
judge,196,×,heuristic,medium,在导入CSV结构数据时，必须使用专门的数据库管理工具或编程库来实现数据的读取和解析。
judge,197,×,heuristic,medium,在导入Excel结构数据时，唯一需要的是一个能够读取Excel文件的程序或库。
judge,198,×,heuristic,medium,在导入图像数据时，图像文件的格式和大小对数据导入的速度和效率没有影响。
judge,199,×,heuristic,low,导入TXT结构数据时，数据的格式和内容不会影响导入过程。
judge,200,×,heuristic,medium,在导入Access数据库数据时，源数据库和目标数据库必须位于同一台计算机上。
judge,201,×,heuristic,medium,知识整理方法只适用于学习新知识时进行。
judge,202,×,heuristic,low,人工智能知识整理方法不仅包括基于规则的方法和基于机器学习的方法，还包括其他多种方法，如基于知识图谱的方法、基于专家系统的方法等。
judge,203,×,heuristic,low,知识整理方法对于提高学习和工作效率没有实际影响。
judge,204,√,heuristic,medium,在人工智能领域，使用知识整理工具可以帮助研究人员更高效地管理和分析大量数据。
judge,205,×,heuristic,low,知识整理在智能服务系统中仅用于提高信息检索速度。
judge,206,×,heuristic,low,对比式整理主要通过列出事物间的相似和不同之处来帮助理解和记忆。
judge,207,×,heuristic,low,关键词整理主要通过详尽地解释每个关键词的意义来整理知识。
judge,208,√,heuristic,medium,数据整理是指对原始数据进行系统化、组织化的处理，以便更好地理解和分析数据，从而提取有价值的信息。这一过程通常包括数据的清洗、转换、整合和格式化等步骤。
judge,209,√,heuristic,medium,在数据科学项目中，数据整理是提高数据分析质量的关键步骤。
judge,210,√,heuristic,medium,数据整理的步骤包括数据清洗、数据转换和数据聚合，这三个步骤是顺序进行的，不能跳过任何一个步骤。
judge,211,×,heuristic,low,数据整理涉及的技术主要关注于数据库管理、统计分析和机器学习算法的应用。
judge,212,×,heuristic,low,数据整理的方法主要依赖于手动检查和自动化工具的结合使用，以优化处理速度和准确性。
judge,213,×,heuristic,medium,使用数据整理工具可以完全替代数据分析师在数据准备阶段的工作。
judge,214,√,heuristic,medium,数据整理过程中遇到的所有挑战都可以通过单一的技术或工具一次性解决。
judge,215,×,heuristic,low,智能应用是指基于人工智能技术，能够自主学习、推理、感知并做出决策的应用。
judge,216,×,heuristic,medium,智能应用实现的主流方法仅限于机器学习和深度学习。
judge,217,×,heuristic,medium,智能应用的场景仅限于工业自动化和医疗健康领域。
judge,218,×,heuristic,low,智能应用的用户体验设计主要关注技术的实现，而非用户的需求和感受。
judge,219,×,heuristic,low,智能应用的数据安全与隐私保护只需要关注用户数据的加密存储。
judge,220,√,heuristic,medium,智能应用的维护与升级策略需要综合考虑软件的运行状况、用户体验和市场变化，以确保应用始终保持最佳性能和竞争力。
judge,221,√,heuristic,medium,智能应用的效果评估应该综合考虑技术性能指标、用户满意度和业务价值，以确保应用在实际场景中的有效性和实用性。
judge,222,×,heuristic,medium,智能数据平台仅是一个技术工具，用于存储和处理大量数据，无需考虑业务需求和用户体验。
judge,223,×,heuristic,medium,智能数据平台的主要功能仅限于数据的存储和管理，不包括对数据的分析和可视化。
judge,224,×,heuristic,medium,从技术视角来看，智能数据平台不仅涉及数据存储和计算技术，还包含数据分析、挖掘、机器学习等多种技术，以支持用户对数据进行深入洞察和智能决策。
judge,225,×,heuristic,low,从业务视角来看，智能数据平台主要关注数据的收集和存储，而不涉及如何利用这些数据来驱动业务决策。
judge,226,×,heuristic,medium,智能数据平台的产品架构仅关注技术实现细节，不涉及用户体验和业务需求。
judge,227,√,heuristic,medium,智能数据平台的维护与运维工作不仅涉及软件更新和系统安全，还需要关注硬件故障、性能优化、备份恢复等多个方面，以确保平台的稳定运行和高效性能。
judge,228,×,heuristic,high,智能数据平台的安全策略仅关注数据的保密性，不需要考虑数据的完整性和可用性。
judge,229,×,heuristic,low,数据拆分是将大型数据集随机分割成多个小数据集的过程，与数据的聚合操作相反。
judge,230,×,heuristic,medium,在机器学习中，训练集和测试集的拆分比例固定为70%和30%，这一比例适用于所有类型的问题。
judge,231,×,heuristic,high,固定随机种子是指在每次运行程序时，都使用相同的随机数生成器的初始值，以确保每次生成的随机数序列完全相同。
judge,232,×,heuristic,low,K折交叉验证是一种评估机器学习模型性能的方法，它将数据集分为K个相等的部分，每次使用K-1个部分作为训练集，剩余的一个部分作为测试集。
judge,233,√,heuristic,medium,公式拆解法不仅仅适用于一元一次方程，还可以应用于多元方程、不等式、代数表达式等多种数学问题。
judge,234,×,heuristic,low,路径拆解法是将一个复杂问题分解成一系列简单的按顺序执行的步骤，以简化问题解决过程的一种方法。
judge,235,×,heuristic,medium,模块拆解法仅适用于软件开发和计算机编程领域。
judge,236,×,heuristic,medium,数据是人工智能发展的唯一关键要素。
judge,237,√,heuristic,medium,数据分析的通用流程适用于所有类型的数据集和问题。
judge,238,×,heuristic,medium,在统计分析中，样本量的大小对统计结果的准确性没有影响。
judge,239,×,heuristic,medium,描述性统计分析只关注数据的集中趋势，而不涉及数据的分散程度和分布形态。
judge,240,×,heuristic,medium,探索性分析旨在通过可视化和摘要统计量等方法来探索和理解数据的特征和关系。它不仅关注数据的分布情况，还可能涉及数据的预测和解释，尤其是在使用人工智能技术辅助分析时。
judge,241,×,heuristic,high,相关性分析只能衡量两个变量之间的线性关系，无法捕捉到非线性关系。
judge,242,×,heuristic,low,数据可视化是一种将数据转换为图形或图像的技术，其目的是为了简化数据的解读和分析过程。
judge,243,×,heuristic,low,在选择数据分析工具时，应考虑工具是否易于集成到现有的工作流程中。
judge,244,√,heuristic,medium,在数据分析工具中，导入数据前通常需要对数据进行格式化，以便工具能够识别并正确处理不同的数据类型。
judge,245,√,heuristic,medium,Excel中公式主要用于进行基本的数学运算、逻辑运算和文本处理等，而函数则提供了更丰富的数据处理和分析功能，如统计函数、日期函数、文本函数等。
judge,246,√,heuristic,medium,在Excel中，探索性数据分析不仅用于初步查看数据，还可以帮助我们发现数据中的模式、趋势和异常值，为进一步的数据分析提供有价值的见解。
judge,247,×,heuristic,low,Excel数据预处理的方法不包含使用公式和函数进行数据计算。
judge,248,√,heuristic,medium,数据标注时使用Excel进行数据优化时，通过“数据透视表”功能可以快速实现数据的分组、汇总和对比，而无需编写复杂的公式或脚本。
judge,249,√,heuristic,medium,在Excel中，创建图表的过程与编辑图表的数据系列和类别是相互独立的，即可以在不编辑数据的情况下创建图表。
judge,250,√,heuristic,medium,Excel中的数据分析工具，如数据透视表、图表、条件格式等，可以帮助用户自动识别和突出显示数据中的关键信息，如趋势、异常值和模式。
single,1,C,official,high,当人工智能训练师发现数据集中含有可能侵犯个人隐私的信息时，他们应当（ ）。
single,2,C,official,high,在训练人工智能模型时，人工智能训练师应确保模型的决策过程（ ）。
single,3,D,official,high,在AI项目开发过程中，人工智能训练师与（ ）团队成员的协作最为紧密。
single,4,C,official,high,根据《人工智能训练师国家职业技能标准》，（ ）不是人工智能训练师的职责。
single,5,A,official,high,作为一名数据标注员，（ ）最好地体现了职业道德。
single,6,A,official,high,在促进作为人工智能训练师的个人发展过程中，（ ）最为重要。
single,7,C,official,high,在人工智能项目中，数据标注员和人工智能训练师之间的关系应该（ ）。
single,8,A,official,high,数据标注员在人工智能项目中扮演的角色是（ ）。
single,9,C,official,high,人工智能训练师在处理敏感数据时应遵守（ ）职业道德原则。
single,10,A,official,high,在AI模型训练过程中，人工智能训练师发现模型潜在具有不公平偏见，其应当（ ）处理。
single,11,B,official,high,在人工智能的职业道德中，最能体现其对隐私保护的重视是（ ）。
single,12,A,official,high,人工智能训练师在工作中应遵循的道德规范不包括（ ）。
single,13,C,official,high,职业守则是指从事某种职业的人们在职业活动中必须共同遵守的（ ）和行为准则的总和。
single,14,A,official,high,职业守则要求从业人员在工作中应自觉遵守（ ），这是维护职业活动正常秩序的重要保证。
single,15,C,official,high,职业守则的（ ）是职业守则的灵魂。
single,16,D,official,high,职业守则的（ ）是职业守则的外在表现。
single,17,C,official,high,职业守则有助于（ ）的形成。
single,18,A,official,high,职业守则对于维护（ ）具有重要意义。
single,19,B,official,high,职业守则的制定过程是一个动态的过程，它需要不断地（ ） 和调整。
single,20,D,official,high,在职业守则的制定过程中，（ ）最能体现人工智能训练师的职责。
single,21,A,official,high,当监督和实施职业守则时，如果人工智能训练师发现模型潜在的偏见问题，应采取（ ）。
single,22,D,official,high,最能增强人工智能训练师职业守则的监督力度的行为是（ ）。
single,23,B,official,high,（ ）技能对人工智能训练师的职业生涯最为重要。
single,24,B,official,high,在职业生涯中，人工智能训练师最需要持续提升的技能是（ ）。
single,25,D,official,high,人工智能训练师职业守则中关于利益冲突的处理，正确的处理方式是（ ）。
single,26,C,official,high,关于人工智能训练师应承担的社会责任，（ ）是职业守则中特别强调的。
single,27,D,official,high,人工智能训练师在使用Windows输入法的智能应用时，最可能关注（ ）的特性.。
single,28,A,official,high,（ ）是人工智能训练师可能利用Windows智能输入法进行的工作。
single,29,C,official,high,（ ）工具不是Windows系统的维护利器。
single,30,A,official,high,对于人工智能训练师而言，（ ）技能最为重要。
single,31,B,official,high,在Windows系统中，如果发现系统启动缓慢，首先应该检查的是（ ）。
single,32,C,official,high,当Windows系统出现蓝屏错误时，（ ）不适用于快速修复。
single,33,B,official,high,在Windows系统中，（ ）可以帮助用户恢复不慎删除的文件。
single,34,C,official,high,对于人工智能训练师来说，（ ）Windows小工具对于数据分析最有用。
single,35,C,official,high,人工智能训练师的主要职责是（ ）。
single,36,B,official,high,在浏览器中，（ ）可以刷新当前页面。
single,37,B,official,high,在浏览器的高级设置中，（ ）允许用户设置搜索引擎。
single,38,D,official,high,浏览器的开发者工具中，（ ）提供了网络请求的信息。
single,39,C,official,high,要在Word文档中快速复制选中的文本，应该使用（ ）快捷键。
single,40,B,official,high,在Excel中，使用（ ）键可以快速将光标移动到当前列最底下的单元格。
single,41,D,official,high,为了方便查找文档中的特定内容，可以在Word中使用（ ）功能。
single,42,C,official,high,在Microsoft Word中，（ ）快捷键可以快速将选定的文本进行加粗。
single,43,C,official,high,在Word中，（ ）快速应用样式库中的样式。
single,44,C,official,high,在Word中，通过（ ），可以快速应用预设的样式。
single,45,D,official,high,在Word中进行图文混排时，调整图片大小的方法（ ）。
single,46,C,official,high,在Microsoft Word中进行图文混排时，（ ）环绕格式不是Word提供的选项。
single,47,D,official,high,在Excel中，要计算一个范围内的所有数值的平均值，可以使用（ ）函数。
single,48,A,official,high,在Excel中，使用（ ）函数可以将一个日期转换为文本格式。
single,49,B,official,high,在Excel工作表单元格中输入公式时，F$2的单元格引用方式称为（ ）。
single,50,A,official,high,（ ）技能不属于Excel数据处理的核心技能。
single,51,A,official,high,要更改Excel图表的样式，可以在（ ）选项卡中找到相关设置
single,52,A,official,high,在Excel中，（ ）图表类型最适合用于展示时间序列的数据变化。
single,53,A,official,high,在PPT中展示数据时，避免信息过载设计幻灯片的方法是（ ）。
single,54,C,official,high,在制作人工智能主题的PPT时，（ ）类型最适宜用于正文，以确保清晰阅读。
single,55,A,official,high,PPT的视觉设计中，字体选择应该遵循（ ）原则。
single,56,B,official,high,关于PPT的视觉设计，（ ）的说法是正确的。
single,57,C,official,high,人工智能训练师在制作PPT时，安排理论内容和实际应用案例的比例的方法是（ ）。
single,58,C,official,high,在PPT中解释复杂的人工智能概念时，训练师编排内容以促进理解的方法（ ）。
single,59,C,official,high,在PPT中解释复杂的人工智能概念时，训练师应该（ ）编排内容以促进理解。
single,60,A,official,high,在PowerPoint中，（ ）可以使对象沿着指定的路线进行移动。
single,61,B,official,high,如果劳动合同被认定为无效，那么该劳动合同从（ ）起不具有法律效力。
single,62,C,official,high,如果劳动者与用人单位订立的劳动合同被认定为部分无效，那么（ ）。
single,63,B,official,high,在为人工智能训练师制定劳动合同时，（ ）条款不是必备的核心条款.。
single,64,C,official,high,（ ）不是劳动合同必备的核心条款。
single,65,B,official,high,劳动者在（ ）情况下可以随时通知用人单位解除劳动合同。
single,66,B,official,high,劳动者在（ ）情况下可以立即解除劳动合同，无需事先告知用人单位。
single,67,D,official,high,用人单位在（ ）情况下解雇劳动者需要提前三十日以书面形式通知劳动者本人或者额外支付劳动者一个月工资。
single,68,C,official,high,（ ）情况不是用人单位解雇权的限制情形。
single,69,B,official,high,网络运营者在发生网络安全事件时，应当按照规定及时告知用户并向有关主管部门报告。关于告知用户的方式，（ ）是不正确的。
single,70,A,official,high,网络运营者主要依据（ ） 履行安全保障义务 。
single,71,A,official,high,在网络接入的规范要求中，为了保证数据传输的安全性，（ ）协议被广泛应用于加密通信。
single,72,C,official,high,（ ）不属于网络接入的规范要求。
single,73,B,official,high,关键信息基础设施的具体范围和安全保护办法由（ ）制定。
single,74,B,official,high,运营者应当自行或者委托网络安全服务机构对其网络的安全性和可能存在的风险每年至少进行（ ）次检测评估，并将检测评估情况和改进措施报送相关负责关键信息基础设施安全保护工作的部门。
single,75,C,official,high,关于专利申请权主体，（ ）。
single,76,A,official,high,（ ）主体不能作为专利申请权的主体。
single,77,C,official,high,对于人工智能技术来说，满足“非显而易见性”是获得专利授权的重要条件。（ ）最可能影响这一判断。
single,78,B,official,high,关于人工智能训练师和专利授权的实质性条件，（ ）描述是正确的。
single,79,C,official,high,在专利申请流程中，（ ）是申请人向国家知识产权局提出专利申请的重要环节。
single,80,B,official,high,（ ）正确地描述了发明专利申请流程的标准化步骤。
single,81,D,official,high,保守企业秘密属于（ ）职业道德规范的要求。
single,82,D,official,high,关于遵纪守法，说法正确的是（ ）。
single,83,A,official,high,劳动法第九条，（ ）负责主管本行政区域内的劳动工作。
single,84,A,official,high,根据劳动法第一条，制定劳动法的目的不包括（ ）。
single,85,B,official,high,劳动合同的主要作用是（ ）。
single,86,A,official,high,根据劳动合同的定义，（ ）不是劳动合同的必要组成部分。
single,87,A,official,high,（ ）情况下的劳动合同是无效的。
single,88,B,official,high,订立和变更劳动合同应遵循（ ）原则。
single,89,A,official,high,根据劳动法第二十一条，试用期的最长时限是（ ）。
single,90,A,official,high,根据劳动法第十九条，劳动合同的必备条款不包括（ ）。
single,91,A,official,high,根据劳动法第五十三条，劳动安全卫生设施必须满足（ ）。
single,92,B,official,high,根据劳动法第五十四条，用人单位必须为劳动者提供（ ）。
single,93,C,official,high,（ ）作品不受著作权法保护。
single,94,A,official,high,关于外国人的作品，描述不正确的是（ ）。
single,95,B,official,high,（ ）属于著作权法的适用范围。
single,96,C,official,high,根据著作权法，描述正确的是（ ）。
single,97,D,official,high,不属于专利权的客体是（ ）。
single,98,C,official,high,（ ）不属于专利权主体。
single,99,C,official,high,民间文学艺术作品的著作权保护办法由（ ）另行规定。
single,100,B,official,high,（ ）主管全国的著作权管理工作
single,101,A,official,high,数据在（ ）业务场景中不起决定性作用。
single,102,D,official,high,当企业需要评估一项新业务策略的有效性时，（ ）不是必须考虑的数据因素。
single,103,C,official,high,如果输入数据存在噪声，这主要违反了数据质量评价的（ ）。
single,104,D,official,high,在人工智能应用中，为了确保模型的性能和稳定性，数据质量评价时需要关注（ ）。
single,105,C,official,high,数据质量问题的根源通常不包括（ ）。
single,106,C,official,high,在分析数据质量问题时，（ ）最可能是数据不一致性的根源。
single,107,B,official,high,在数据质量管理中，（ ）不属于数据质量问题的类型。
single,108,A,official,high,当数据集中存在多个不同格式的相同数据项时，这属于（ ）的数据质量问题类型。
single,109,D,official,high,在数据清洗过程中，用于识别和去除重复记录的技术是（ ）。
single,110,D,official,high,在数据清洗中，处理缺失值的方法不包括（ ）。
single,111,A,official,high,在大数据处理中，实时性数据的价值通常比非实时性数据高，这是因为实时数据能够提供（ ）。
single,112,C,official,high,对于需要实时响应的应用场景，（ ）数据存储和处理技术最适合。
single,113,C,official,high,在数据验证过程中，用于检查数据是否在预定范围内的技术是（ ）。
single,114,A,official,high,当需要验证数据是否满足特定格式要求，如电子邮件地址格式时，应使用（ ）技术。
single,115,A,official,high,当使用深度学习模型处理图像数据时，（ ）格式最常用于存储图像数据。
single,116,C,official,high,在自然语言处理任务中，文本数据通常需要（ ）以便于模型处理。
single,117,C,official,high,在保护敏感数据时，（ ）措施用于防止数据泄露给未授权人员。
single,118,A,official,high,在多用户数据库系统中，为了确保数据的完整性和一致性，通常采用（ ）机制。
single,119,B,official,high,在人工智能项目中，（ ）不属于数据预处理的方法。
single,120,C,official,high,在使用机器学习模型进行预测时，评估数据质量对模型性能的影响重要方法是（ ）。
single,121,A,official,high,在进行业务数据采集时，（ ）不属于数据质量管理的基本原则。
single,122,B,official,high,文本类业务数据采集与分析的重要目的是（ ）。
single,123,A,official,high,在评估业务数据采集质量时，确定数据是否满足业务需求的方式是（ ）。
single,124,B,official,high,在评价业务数据采集质量时，（ ）因素对确保数据的准确性和一致性至关重要。
single,125,A,official,high,在业务数据采集过程中，（ ）环节负责将原始数据转换为适合业务需求的格式。
single,126,B,official,high,在业务数据采集中，（ ）不需要重点关注。
single,127,C,official,high,在人工智能业务数据采集过程中，（ ）主要用于从复杂网页中自动提取特定数据。
single,128,B,official,high,在大数据环境下，用于业务数据采集的工具和技术中，（ ）通常用于实时数据流的采集和处理。
single,129,D,official,high,在业务数据采集过程中，（ ）方法通常用于获取非结构化或半结构化的数据，如文本、图像或视频。
single,130,D,official,high,在业务数据采集中，（ ）适用于从结构化数据源中提取数据。
single,131,A,official,high,人工智能业务数据处理中，（ ）来源通常需要更多的预处理工作。
single,132,C,official,high,在购物平台上，统计某产品的用户浏览次数以及转发数。属于业务数据中的（ ）数据。
single,133,C,official,high,当数据集存在明显的类别不平衡时，（ ）抽样技术可以帮助改善这一问题。
single,134,B,official,high,在人工智能领域的数据抽样中，（ ）通常用于处理大规模数据集而不牺牲数据代表性。
single,135,D,official,high,在传感器数据采集过程中，（ ）方法通常用于实时监测环境参数。
single,136,D,official,high,在资源受限的环境中，（ ）传感器数据采集方法最有助于减少功耗和存储需求。
single,137,C,official,high,在系统日志数据采集过程中，（ ）最有助于减少对系统性能的影响。
single,138,B,official,high,在系统日志数据采集中，（ ）通常用于实时获取和处理系统日志数据。
single,139,C,official,high,在进行网络数据采集时，（ ）的方法最有助于保护用户隐私和数据安全。
single,140,B,official,high,互联网数据采集是按照某种规则，通过程序或脚本自动抓取万维网信息，下面（ ）不是其采集到的数据。
single,141,C,official,high,在制定业务数据处理规范时，（ ）不是必须考虑的因素。
single,142,B,official,high,在人工智能训练师处理业务数据时，应遵守（ ）规范。
single,143,B,official,high,在处理结构化数据时，（ ）方法能够提高数据处理的效率和准确性。
single,144,B,official,high,在非结构化数据处理中，（ ）方法常用于理解和解析文本等多媒体内容。
single,145,B,official,high,在业务数据分析中，（ ）方法最适用于发现数据中的隐藏模式和彼此联系。
single,146,A,official,high,在使用人工智能进行业务数据分析时，（ ）方法最有助于优化决策过程。
single,147,C,official,high,在业务数据加工过程中，（ ）是指将数据从一种格式或结构转为另一种格式或结构的过程。。
single,148,A,official,high,在使用人工智能进行业务数据加工时，（ ）通过将数据和计算任务分散到多个节点上进行处理，从而显著提高数据处理的速度和规模。
single,149,B,official,high,在业务数据加工过程中，（ ）最有助于提升数据的价值。
single,150,B,official,high,在人工智能应用中，业务数据加工的作用是（ ）。
single,151,D,heuristic,low,在业务数据整合中，（ ）最有助于提高数据的可用性和可访问性。
single,152,D,heuristic,low,在使用人工智能进行业务数据整合时（ ）最有助于提高整合的效率和准确性。
single,153,D,heuristic,low,通过业务数据整合，企业可以实现数据（ ）的降低，从而减少信息孤岛现象。
single,154,D,heuristic,low,业务数据整合有助于提升企业的（ ）能力，进而增强市场竞争力。
single,155,D,heuristic,low,数据（ ）是业务数据处理安全保障的重要组成部分，它涉及对数据的访问和操作进行有效监控和管理。
single,156,D,heuristic,low,在利用人工智能技术处理业务数据时，为了确保数据安全性，应采用（ ）技术对数据进行加密。
single,157,D,heuristic,low,在进行业务数据处理时，为了确保文档记录的完整性和一致性，应采取（ ）的措施。
single,158,C,heuristic,medium,（ ）文档记录方式最适用于描述业务数据处理过程。
single,159,A,heuristic,medium,在制定业务数据备份策略时，应考虑数据的（ ），以确保备份数据的可用性和完整性。
single,160,D,heuristic,low,为了确保业务数据备份的有效性，应定期进行（ ）测试，以验证备份数据的完整性和恢复能力。
single,161,C,heuristic,medium,数据采集的主要目的是为（ ）提供基础数据支持，从而实现信息的有效管理与应用。
single,162,B,heuristic,medium,在进行数据采集时，需要确保数据的（ ），以保证数据的质量和可用性，从而提升人工智能模型的性能。
single,163,D,heuristic,low,互联网数据采集的常用方法包括网络爬虫、API接口、数据抓取等，这些方法的特点在于能够（ ）地获取大量、多样化的数据。
single,164,D,heuristic,high,互联网数据采集，python中使用requests，正确的说法是（ ）。
single,165,D,heuristic,low,工业数据采集的一个重要特点是数据的（ ），这要求采集系统具备强大的数据处理能力，以确保数据的准确性和完整性。
single,166,D,heuristic,low,在工业数据采集中，（ ）最适合用于高温环境下的数据采集。
single,167,C,heuristic,high,数据采集实施阶段的主要任务是按照预定的（ ）进行实际的数据收集工作。
single,168,D,heuristic,low,数据采集流程框架中，起始点是（ ）。
single,169,D,heuristic,low,在Python中，常用的数据格式转换方法包括（ ）。
single,170,B,heuristic,low,数据格式转换是指将数据从一种形式或格式转换为另一种形式或格式的过程。（ ）最准确地描述了数据格式转换的概念。
single,171,D,heuristic,low,在人工智能系统中，数据采集的主要目的是（ ）。
single,172,D,heuristic,low,（ ）应用场景中，数据采集对人工智能系统的性能更为关键。
single,173,D,heuristic,low,在进行实时数据分析时，（ ）采集工具能够提供连续且及时的数据流。
single,174,D,heuristic,low,在确定最合适的数据采集和处理工具时，可以考虑（ ）。
single,175,D,heuristic,low,在数据处理流程中，为了优化计算资源的使用并加快处理速度，（ ）技术是最常用的。
single,176,D,heuristic,low,在数据采集和处理流程中，（ ）是可能的优化策略。
single,177,D,heuristic,low,在音频数据采集过程中，（ ）方法是用来减少背景噪声干扰的。
single,178,D,heuristic,low,在音频数据采集的优化策略中，（ ）策略是不合适的。
single,179,D,heuristic,low,在图像数据采集过程中，为了获得更好的低光性能，应当使用具备（ ）特性的相机。这种相机能够在光线不足的环境中捕捉到更多的细节和色彩。
single,180,D,heuristic,low,在视频数据采集时，为了确保视频文件在不损失质量的情况下尽可能小，以便于存储和传输，应当采用（ ）编码格式。
single,181,A,heuristic,low,人工智能和机器学习项目中，数据处理通常不包括（ ）步骤。
single,182,D,heuristic,low,数据处理在人工智能工作流程中的位置是（ ）。
single,183,D,heuristic,low,数据处理在人工智能应用中的作用是（ ），它确保了模型训练所需数据的准确性和一致性。
single,184,D,heuristic,low,未经处理的数据可能会导致人工智能模型产生（ ），从而影响模型的准确性和可靠性。
single,185,D,heuristic,low,在数据处理流程中，（ ）是一个关键步骤，它旨在识别并纠正数据中的错误或不一致性，以提高数据质量。
single,186,D,heuristic,low,人工智能训练师在数据处理过程中，（ ）是首要进行的。
single,187,D,heuristic,low,在数据分析过程中，（ ）是一种用于发现数据集中隐藏的模式和关系的强大工具，它通常涉及使用算法和统计模型。
single,188,D,heuristic,low,对于人工智能训练师而言，（ ）数据分析相关知识是最重要的。
single,189,D,heuristic,low,在数据挖掘中，（ ）是用来衡量发现的模式的兴趣度或实用性的度量标准，它帮助分析师确定哪些模式是值得进一步调查的。
single,190,D,heuristic,low,在数据挖掘过程中，人工智能训练师通常关注（ ）目标。
single,191,D,heuristic,low,在数据安全实践中，（ ）是一种常用的加密技术，它允许数据在不损失完整性的情况下进行加密和解密操作，确保数据在传输过程中的安全。
single,192,D,heuristic,low,人工智能训练师在处理数据时，（ ）数据安全措施是最重要的。
single,193,D,heuristic,low,在隐私保护技术中，（ ）是一种常用的匿名化技术，它通过对数据进行脱敏处理，以减少数据中个体的可识别性，同时尽量保留数据的效用。
single,194,D,heuristic,low,在处理个人数据时，人工智能训练师应当遵守隐私保护原则是（ ）。
single,195,D,heuristic,low,为了确保数据本身的完整性，通常会在数据中添加（ ），这是一种特殊的位模式，用于检测数据在存储或传输过程中是否被篡改。
single,196,D,heuristic,low,在保障数据本身的安全性方面，人工智能训练师通常采取（ ）措施。
single,197,D,heuristic,low,数据脱敏是一种常见的敏感数据保护技术，它通过对敏感数据进行（ ）处理，使其无法识别特定个人，同时保留数据的分析和统计功能。
single,198,C,heuristic,medium,为了确保数据防护的安全，人工智能训练师应该采取（ ）措施。
single,199,D,heuristic,low,在流处理中，（ ）模式指的是系统能够在数据到达时就进行处理，而不需要等待数据积累到一定量。
single,200,D,heuristic,low,在业内，人工智能训练师常用的数据处理方案中，（ ）被认为对提高模型性能至关重要。
single,201,D,heuristic,low,特征工程是一个将原始数据转换为更有意义特征的过程，这个过程通常包括特征的提取、（ ）和选择，以便更好地适应特定的机器学习模型。
single,202,D,heuristic,low,对于人工智能训练师来说，数据特征的描述指的是（ ）。
single,203,D,heuristic,low,在数据预处理阶段，数据归类可以帮助识别数据集中的（ ），从而为进一步的数据分析和建模打下基础。
single,204,D,heuristic,low,在机器学习中，数据归类通常是在特征工程阶段完成的，它涉及将原始数据转换为更有意义的（ ），以便机器学习模型能够更好地学习和预测。
single,205,A,heuristic,medium,在数据挖掘和机器学习中，通过有效的数据归类可以增强模型的（ ），因为它有助于模型识别和学习数据中的模式和关系。
single,206,C,heuristic,medium,在数据标注员职业考核中，数据归类的目的是（ ）。
single,207,D,heuristic,low,在数据科学中，数据归类的意义在于它能够揭示数据中的潜在（ ），为数据探索和模型构建提供有价值的信息。
single,208,C,heuristic,medium,数据归类的意义主要在于（ ）。
single,209,D,heuristic,low,数据归类的自动分类方法中，决策树是一种常用的（ ）技术，它通过一系列的问题和答案来进行数据分类。
single,210,D,heuristic,low,在数据归类中，（ ）被用于将数据项分为不同的类别。
single,211,D,heuristic,low,数据归类过程中，为了确保数据的准确性和完整性，我们需要对数据进行（ ）。这一步骤包括检查数据的一致性、处理缺失值和异常值等。完成这一步骤后，我们可以更加可靠地将数据归入相应的类别。
single,212,D,heuristic,medium,数据归类的基本步骤中，（ ）是首要进行的。
single,213,D,heuristic,low,在数据归类过程中，选择一个具有良好（ ）的工具是至关重要的，因为它可以帮助我们快速定位并解决数据归类中遇到的问题。
single,214,D,heuristic,low,在选择数据归类工具时，（ ）是最重要的。
single,215,D,heuristic,low,在电商领域，为了精准地向用户推荐商品，商家通常会利用（ ）工具对用户的购买行为数据进行归类和分析。
single,216,D,heuristic,low,在生物信息学研究中，研究人员经常使用（ ）工具来归类和分析基因序列数据，以揭示基因之间的关联和功能。
single,217,B,heuristic,medium,在处理大规模数据集时，为了提高计算性能和并行处理能力，数据科学家通常会选择使用（ ）工具来进行数据归类和分析。
single,218,D,heuristic,low,在构建推荐系统时，为了准确地对用户行为数据进行归类和建模，开发者通常会选择使用（ ）工具来处理和分析稀疏的用户-物品交互数据。
single,219,D,heuristic,low,在进行多维度数据分析时，（ ）工具能够帮助用户创建交互式的热力图、散点图和树状图等，以揭示数据中的隐藏模式和关联。
single,220,D,heuristic,low,对于需要快速原型设计和数据探索的场景，（ ）工具以其简洁的语法和丰富的可视化模板，成为数据分析师的首选。
single,221,D,heuristic,low,在机器学习中，数据分类通常涉及训练一个模型来学习输入数据的（ ），并根据它将新数据划分到已知类别中。
single,222,D,heuristic,low,数据分类的核心在于根据数据的（ ）和特征，将其有序地划分为不同的组或类别，以便进行更有效的数据分析。
single,223,D,heuristic,low,朴素贝叶斯分类器是一种基于（ ）假设的分类算法，它通过计算每个特征的条件概率来预测样本的类别。
single,224,D,heuristic,low,K-近邻算法是一种基于实例的学习方法，它通过测量不同样本之间的距离来进行分类，其中K代表的是（ ）。
single,225,D,heuristic,medium,在医疗诊断领域，分类算法可以帮助医生（ ），例如通过分析病人的症状和检查结果来辅助诊断疾病。
single,226,D,heuristic,low,在（ ）场景中，分类算法尤其重要。
single,227,D,heuristic,medium,在决策树算法中，每个内部节点代表一个特征属性上的判断条件，而每个叶节点则对应一个（ ）。
single,228,D,heuristic,low,决策树算法在机器学习中的主要用途是（ ）。
single,229,A,heuristic,medium,（ ）指标综合考虑了分类器的准确率和召回率，通过调和这两个指标来得到一个综合性能评分。
single,230,C,heuristic,medium,在数据分类中，（ ）被用来衡量模型预测的准确性。
single,231,A,heuristic,low,在聚类分析中，我们通常使用一种参数来衡量数据点之间的相似性或距离，从而确定它们是否属于同一聚类，这些参数不包括（ ）。。
single,232,D,heuristic,low,数据聚类是一种无监督学习技术，其目的是（ ）。
single,233,D,heuristic,low,DBSCAN算法是一种基于密度的聚类算法，它能够发现任意形状的簇，并且对噪声点具有良好的（ ）能力。
single,234,D,heuristic,low,（ ）是常见的聚类算法。
single,235,D,heuristic,low,在生物信息学中，聚类算法常用于基因表达数据的分析，通过将基因按照其表达模式进行聚类，有助于发现基因之间的（ ）关系。
single,236,D,heuristic,low,在社交网络分析中，聚类算法可用于识别社区结构，从而揭示用户之间的（ ）关系和网络中的关键节点。
single,237,D,heuristic,low,在K-Means聚类算法中，K代表的是要形成的聚类的（ ）。
single,238,D,heuristic,low,K-Means聚类算法通常使用（ ）作为相似性度量，计算数据点之间的距离，从而确定它们是否属于同一聚类。
single,239,D,heuristic,low,Davies-Bouldin指数是另一种评估聚类性能的指标，该指数越大，说明聚类效果越（ ）。
single,240,D,heuristic,low,在聚类分析中，Rand指数用于衡量聚类结果与外部已知的分类标签之间的一致性。Rand指数的值越接近1，表示聚类效果与已知分类越（ ）。
single,241,B,heuristic,medium,在规则关联挖掘中，Apriori算法是一种经典的频繁模式挖掘算法，它利用（ ）性质来减少搜索空间，提高算法效率。
single,242,D,heuristic,low,在进行关联挖掘时，设置最小支持度和最小置信度阈值的作用是过滤掉（ ）的规则。
single,243,D,heuristic,low,在逻辑回归中，我们通常使用（ ）来衡量模型对观测值的拟合程度。
single,244,D,heuristic,low,逻辑回归模型可以分为两种主要类型：二元逻辑回归和（ ）逻辑回归。
single,245,D,heuristic,low,在决策树中，用于选择最佳划分属性的度量通常是（ ）。
single,246,D,heuristic,low,为了解决决策树过拟合的问题，我们可以使用（ ）技术来简化树的结构。
single,247,D,heuristic,low,在支持向量机中，距离超平面最近的样本点被称为（ ）。
single,248,D,heuristic,low,支持向量机可以使用（ ）核函数来处理非线性分类问题。
single,249,D,heuristic,low,在朴素贝叶斯分类器中，用于计算后验概率的方法是（ ）。
single,250,D,heuristic,low,朴素贝叶斯分类器在处理文本分类问题时，通常使用（ ）作为特征表示。
single,251,D,heuristic,low,在卷积神经网络中，用于提取局部特征的层是（ ）层。
single,252,D,heuristic,low,为了减少参数数量和计算复杂度，卷积神经网络通常使用（ ）技术来降低图像的空间维度。
single,253,D,heuristic,low,在循环神经网络中，用于存储历史信息的单元是（ ）。
single,254,D,heuristic,low,长短期记忆网络LSTM是一种特殊的循环神经网络，它通过引入（ ）机制来解决长期依赖问题.
single,255,D,heuristic,low,在深度学习中，卷积神经网络CNN主要用于处理（ ）类型的数据。
single,256,D,heuristic,low,深度学习模型的一个重要特性是它们能够自动从原始数据中提取有用的特征，这一过程称为（ ）。
single,257,D,heuristic,low,分类问题中，输出结果是离散的类别标签，而回归问题中，输出结果是连续的数值。基于这个区别，分类问题和回归问题的预测目标分别是（ ）和数值。
single,258,D,heuristic,low,在监督学习中，当我们处理的数据集包含多个输出变量时，我们通常面临的是（ ）问题。
single,259,D,heuristic,low,聚类是一种将相似的数据点分组到一起的方法，其中最常用的聚类算法是（ ）。
single,260,D,heuristic,low,降维是一种减少数据集维度的方法，同时保留尽可能多的数据变异性或信息。著名的降维技术包括主成分分析和（ ）。
single,261,B,heuristic,medium,在半监督学习中，一种常见的方法是生成伪标签，然后利用这些伪标签来训练模型。这种方法属于（ ）半监督学习。
single,262,B,heuristic,medium,另一种半监督学习方法是通过未标记数据的分布信息来辅助监督学习任务，这种方法通常被称为（ ）半监督学习。 A
single,263,B,heuristic,medium,在分类任务中，衡量模型对某一类别识别能力的指标是（ ）。
single,264,D,heuristic,low,在评估模型性能时，我们通常会将数据集分为训练集、验证集和测试集。其中，用于调整模型参数并防止过拟合的集合是（ ）。
single,265,D,heuristic,low,交叉验证是一种评估模型性能的方法，其基本思想是将原始数据集分割为多个子集，每次用其中一部分作为测试集，其余部分作为训练集，这个过程会重复进行多次，最后得到的模型性能评估结果是所有子集测试结果的平均值。这种方法可以有效降低模型性能评估的（ ）。
single,266,D,heuristic,low,（ ）最适用于数据量较小的情况。
single,267,D,heuristic,low,欠拟合是指机器学习模型在训练集和测试集上都表现不佳的现象。这通常表明模型的复杂度不足以捕捉数据的基本结构。为了解决欠拟合问题，可以尝试的方法有：（ ）、增加模型的复杂度、减少正则化参数或增加训练数据。
single,268,D,heuristic,low,在机器学习模型中，（ ）通常指模型过于复杂并且开始记住训练数据中的噪声。
single,269,D,heuristic,low,在过采样过程中，为了避免模型对训练数据过度拟合，通常会采用一些技巧，如随机过采样、合成少数过采样技术SMOTE等。这些技巧的目的是在增加少数类别样本数量的同时，保持样本的（ ）和多样性。
single,270,D,heuristic,low,在处理不平衡数据集时，过采样的目的是（ ）。
single,271,D,heuristic,low,在欠采样过程中，为了保持数据的代表性，通常会采用一些技巧，如随机欠采样、近邻删除法等。这些技巧的目的是在减少多数类别样本数量的同时，避免（ ）样本的信息损失。
single,272,D,heuristic,low,欠采样与过采样都是解决数据不平衡问题的方法，但它们的作用机制不同。欠采样通过减少（ ）类别的样本数量来平衡数据，而过采样则是通过增加少数类别的样本数量来实现平衡。
single,273,D,heuristic,low,集成学习的常见方法包括Bagging、Boosting和Stacking。其中，Bagging是通过（ ）的方式构建多个基学习器，然后对它们的预测结果进行投票或平均以得到最终预测。
single,274,D,heuristic,low,在集成学习中，（ ）技术通过创建多个相互独立且通常具有差异性的模型来增强整体性能。这些模型的多样性有助于减少过拟合的风险，并提供更全面的预测视角。
single,275,D,heuristic,low,在迁移学习中，源领域和目标领域之间应该具有一定的（ ），使得在源领域学到的知识能够对目标领域有所帮助。
single,276,B,heuristic,medium,迁移学习的核心思想是将已经学习到的知识或技能从一个任务迁移到另一个相关任务中，以提高新任务的（ ）。
single,277,D,heuristic,low,在实时数据归类中，为了提高归类效率，通常会使用（ ）算法来对数据进行分类。
single,278,D,heuristic,low,实时数据归类在（ ）领域应用最为广泛。
single,279,D,heuristic,low,当数据具有高度线性可分时，（ ）归类方法通常表现最好。
single,280,D,heuristic,low,在处理非结构化数据时，（ ）能够较好地提取数据的特征并进行分类。
single,281,D,heuristic,low,数据完整性的三个主要组成部分包括实体完整性、参照完整性和（ ）完整性。
single,282,D,heuristic,low,在大数据处理过程中，为了保证数据的完整性，通常需要对数据进行（ ）操作，以确保数据的质量和准确性。
single,283,D,heuristic,low,数据标准化的常用方法之一是Z-score标准化，即将数据转换为均值为0，标准差为（ ）的分布。
single,284,C,heuristic,medium,在深度学习中，为了使不同特征具有相同的权重，通常会对数据进行（ ）处理。
single,285,D,heuristic,low,数据封装的主要目的是增强数据的（ ）性，确保数据的安全性和完整性。
single,286,D,heuristic,low,在Python编程语言中，实现数据封装的一种方法是使用（ ），将数据和操作数据的函数封装在一起。
single,287,D,heuristic,low,数据聚合的常用方法包括求和、计数、平均值、最大值和（ ）。
single,288,D,heuristic,low,在机器学习中，数据聚合可用于将多个数据样本的特征进行整合，以形成更加丰富和完整的（ ）。
single,289,D,heuristic,low,数据模型设计的主要目标是描述现实世界中的实体及其之间的关系，以便于进行有效的（ ）。
single,290,D,heuristic,low,在关系型数据库设计中，数据模型通常采用（ ）形式表示实体及其之间的关系。
single,291,D,heuristic,low,在数据库中，通过为表的字段设置（ ）约束，可以确保数据的属性值不为空。
single,292,D,heuristic,low,在机器学习中，数据的属性可以分为数值型和（ ）型，不同类型的属性需要采用不同的处理方法。
single,293,D,heuristic,low,在计算机科学中，整数数据可以用（ ）位二进制数表示，包括符号位、隐含位和数值位。
single,294,D,heuristic,low,数值数据可以分为两大类：（ ）数据和浮点数数据。
single,295,D,heuristic,low,类别数据按照其取值的性质可以分为无序类别数据和（ ）类别数据。
single,296,D,heuristic,low,在机器学习中，对于有序类别数据，可以采用（ ）编码方法将其转换为数值数据，以便进行数值计算。
single,297,D,heuristic,low,在数据预处理阶段，数据类别的识别主要通过（ ）分析来实现。
single,298,D,heuristic,low,在机器学习中，数据类别的识别可以通过（ ）方法来自动完成。
single,299,D,heuristic,low,在机器学习中，特征矩阵的维度通常由数据的特征数和样本数共同决定。假设有一个包含m个样本和n个特征的数据集，其特征矩阵的维度为（ ）。
single,300,D,heuristic,low,在深度学习中，神经网络的层数可以视为数据的一种维度。例如，一个具有输入层、两个隐藏层和一个输出层的神经网络，其层数维度为（ ）。
single,301,D,heuristic,low,在时间序列分析中，为了更好地捕捉数据的周期性特征，可以将时间维度划分为多个子周期，如季节、月份和星期。这种划分方法称为（ ）划分。
single,302,A,heuristic,low,在时间序列分析中，时间维度的划分不包括（ ）。
single,303,B,heuristic,medium,在数据清洗过程中，常用的技术包括缺失值处理、异常值处理和（ ）处理。
single,304,D,heuristic,low,数据清洗不涉及（ ）。
single,305,D,heuristic,low,在数据清洗中，用于识别和处理异常值的方法包括箱线图法、离群点分析法和（ ）法。
single,306,B,heuristic,low,数据清洗中的数据去重操作是用于消除数据集中的重复记录，以提高数据的（ ）。
single,307,B,heuristic,low,在进行数据分析时，为了确保结果的准确性，首先需要验证数据的（ ）。
single,308,A,heuristic,medium,人工智能模型训练中，如果输入的数据噪声过多，那么模型的输出结果可能会（ ）。
single,309,B,heuristic,high,数据定义的一致性在人工智能应用中的作用是（ ）。
single,310,C,heuristic,medium,在构建机器学习模型时，（ ）措施最有助于提高数据定义的准确性和一致性。
single,311,C,heuristic,medium,在机器学习中，特征工程的目的是将原始数据转化为对模型更有用的形式。在这个过程中，数据格式的（ ）是至关重要的第一步。
single,312,D,heuristic,low,我们在验证数据可靠性时，不需要考虑的因素有（ ）。
single,313,D,heuristic,low,在命名变量时，应避免使用（ ）和保留字。
single,314,D,heuristic,low,当表示两个元素间的关系时，应优先选用（ ）命名法。
single,315,A,heuristic,medium,在基于业务需求的数据定义过程中，（ ）是用于描述数据元素、数据结构和数据流之间关系的图形化工具。
single,316,C,heuristic,low,数据格式的规范不包括（ ）。
single,317,D,heuristic,low,在数据定义过程中，对敏感信息进行（ ）处理，以防止未经授权的访问和数据泄露。
single,318,D,heuristic,low,在设计数据库时，为了确保用户隐私，应当遵循最小化原则，仅收集和存储实现业务目标所必需的（ ）数据。
single,319,D,heuristic,low,在人工智能应用的数据定义阶段，为了防止数据泄露和未经授权的访问，应当采用（ ）技术对敏感信息进行保护。
single,320,D,heuristic,low,在数据定义过程中，（ ）违反了数据安全性准则。
single,321,D,heuristic,low,数据审核流程中的（ ）阶段是对整理好的数据进行深入分析，以发现数据中的规律和趋势。
single,322,D,heuristic,low,在进行数据标注时，（ ）是必须进行的步骤。
single,323,D,heuristic,low,当数据量较大时，可以采用（ ）方法进行初步筛查，以提高审核效率。
single,324,D,heuristic,low,（ ）方法通常不用于数据标注的审核。
single,325,D,heuristic,low,如果数据标注存在大量错误，可能导致算法过拟合于（ ）数据，从而降低其在未知数据上的表现。
single,326,D,heuristic,low,数据标注质量影响机器学习算法的效果有（ ）。
single,327,D,heuristic,low,在机器学习中，（ ）指标用于评估模型对未知数据的泛化能力，以防止过拟合或欠拟合现象。
single,328,C,heuristic,low,（ ）方法不常用于数据质量的评估。
single,329,D,heuristic,low,利用机器学习算法对标注结果进行自动检测，以识别和纠正潜在错误的检验方法称为（ ）。
single,330,A,heuristic,low,在数据标注质量检验中，（ ）方法不属于常见的类型。
single,331,D,heuristic,low,图像标注中的（ ）任务旨在将图像中的每个像素分配到对应的类别，从而实现对图像中物体的精确划分。
single,332,D,heuristic,low,（ ）不是常见的图像标注数据类型。
single,333,C,heuristic,low,对于标注框类型的质检，（ ）标准要求标注框内部不应包含无关的像素，同时外部不应遗漏目标物体的任何部分。
single,334,A,heuristic,low,在数据标注中，（ ）不属于标注框类型的质检点。
single,335,B,heuristic,low,对于关键点类型的质检，（ ）标准要求标注的关键点应当具有明确的含义，且相互之间的空间关系应符合目标物体的实际结构。
single,336,A,heuristic,low,在数据标注中，（ ）不属于关键点类型的质检点。
single,337,C,heuristic,low,对于区域标注类型的质检，（ ）标准要求标注的区域内部不应包含无关的像素，同时外部不应遗漏目标物体的任何部分。
single,338,A,heuristic,low,在数据标注中，（ ）不属于区域标注类型的质检点。
single,339,D,heuristic,low,对于视频数据标注的质检，（ ）标准要求标注内容在不同时间点上应保持一致，避免出现不一致的现象。
single,340,C,heuristic,low,在视频数据标注中，（ ）不属于视频数据标注的质检点。
single,341,B,heuristic,low,语音标注中的（ ）标准关注标注的语音是否易懂，无噪音和杂音干扰。
single,342,A,heuristic,low,在语音标注中，（ ）不属于语音标注的质量标准。
single,343,D,heuristic,low,语音数据标注中的（ ）错误是指标注的语音时长与实际录音时长不一致，如过长或过短。
single,344,A,heuristic,low,在语音数据标注中，（ ）不属于常见的错误类型。
single,345,B,heuristic,low,对于有效性错误的质检标准，要求标注数据具备（ ）和准确性，以确保数据能够准确反映业务需求。
single,346,C,heuristic,low,在检验数据标注的有效性时，需要关注标注数据的（ ），以避免因数据不完整导致的分析结果失真。
single,347,C,heuristic,low,对于截取错误的质检标准，要求标注的片段具备完整性和（ ），以确保所选片段能够完整且准确地表达目标对象的特征。
single,348,D,heuristic,low,在检验图像或视频数据标注的截取错误时，需要关注标注片段的（ ）和时长，以避免因片段过长或过短导致的信息丢失或冗余。
single,349,D,heuristic,low,文本错误质检中的（ ）标准要求文本内容逻辑清晰、结构合理，以便读者能够轻松理解。
single,350,A,heuristic,low,在文本标注中，（ ）不属于文本错误的质检点。
single,351,D,heuristic,low,对于图像中的特殊部分，如（ ），质检标准要求标注者仔细检查并确保标注的准确性，以避免误导性的信息。
single,352,D,heuristic,low,在数据标注中，（ ）是特殊部分标注常见的一个质检点。
single,353,D,heuristic,low,文本标注中的（ ）任务旨在分析文本中表达的情感倾向，如正面、负面或中性。
single,354,D,heuristic,low,在文本标注中，（ ）不是常见的数据类型。
single,355,D,heuristic,low,语料筛选中的（ ）标准要求筛选出的语料在内容、结构和风格上应与目标应用场景相符。
single,356,A,heuristic,low,在进行语料筛选时，（ ）通常不属于质检点。
single,357,C,heuristic,low,分词标注中的（ ）标准指在不同文本中，相同词语的分词结果应保持同一。
single,358,A,heuristic,low,在进行英文分词标注时，（ ）通常不属于质检点。
single,359,C,heuristic,low,关键词标注的标准应确保标注结果的全面性和有效性，一般不用关注（ ）。
single,360,D,heuristic,low,在进行文本分析时，关键词标注的目的是（ ）。
single,361,D,heuristic,low,当下，越来越多的组织采用（ ）技术来辅助数据审核，以提高审核的准确性和效率。
single,362,D,heuristic,low,在数据审核中，（ ）可以帮助标注员更有效地检查和修正错误。
single,363,D,heuristic,low,数据审核工具在处理（ ）类型的数据时，能够发挥最大的优势，提高审核效率和质量。
single,364,D,heuristic,low,（ ）的审核通常需要使用专门的图像编辑软件。
single,365,D,heuristic,low,数据标注审核验收时，需要对标注结果进行（ ）的抽查，以评估整体标注质量。
single,366,B,heuristic,medium,在数据标注项目中，（ ）则是审核验收的重要原则.
single,367,D,heuristic,low,在数据审核过程中，高级功能支持对数据进行（ ）分析，以便更深入地理解数据的内在关系和潜在模式。
single,368,D,heuristic,low,在使用数据审核工具时，（ ）通常被视为高级功能。
single,369,C,heuristic,medium,在人工智能应用中，数据标注的准确性和一致性对于模型的（ ）至关重要。
single,370,D,heuristic,low,在人工智能领域，（ ）最好地描述了数据标注的地位。
single,371,C,heuristic,low,文本标注时，对于含有歧义或模糊不清的内容，标注人员应遵循（ ）原则，避免主观臆断。
single,372,C,heuristic,high,在进行文本标注时，（ ）是需要特别注意的。
single,373,B,heuristic,medium,另一种广泛使用的文本标注工具是（ ），它支持多种标注格式，并提供了高效的标注管理功能。
single,374,D,heuristic,low,（ ）工具常被用于文本数据的标注。
single,375,D,heuristic,low,句法分析关注句子中词语之间的结构关系，它通常用于确定句子中词语的（ ）关系。
single,376,D,heuristic,low,在使用文本处理工具时，（ ）方法通常被用来提高标注的效率和质量。
single,377,D,heuristic,low,另一种常见的图像标注方法是多边形标注，它通过绘制多个顶点来定义物体的轮廓。多边形标注相比边框标注能更准确地描述物体的形状，但缺点是标注过程相对（ ）且耗时。
single,378,D,heuristic,low,图像标注中，（ ）通常用于标注对象边界。
single,379,D,heuristic,low,一种广泛使用的图像标注工具是VGG Image Annotator，它以其（ ）的界面和易用性而受到研究者的青睐。
single,380,D,heuristic,low,（ ）工具常被用于图像数据的标注。
single,381,D,heuristic,low,在图像标注过程中，如果需要对标注结果进行修改，可以使用工具提供的（ ）功能。
single,382,D,heuristic,low,在使用图像标注工具时，（ ）操作是基本的标注功能。
single,383,B,heuristic,medium,语音标注过程中，为了避免因个人差异导致的标注错误，应尽量保持标注人员（ ），并在必要时进行标注规范的培训和指导。
single,384,D,heuristic,low,在语音标注项目中，准确识别和记录（ ）对于训练有效的语音识别系统至关重要
single,385,D,heuristic,low,当进行大规模语音数据集标注时，为了提高标注效率，通常会采用（ ）方式，即多人协作完成同一标注任务，并对标注结果进行汇总和清洗。
single,386,D,heuristic,low,（ ）工具常被用于语音数据的标注。
single,387,D,heuristic,low,在使用语音标注工具对音频进行标注时，在导入音频数据后，应（ ）。
single,388,D,heuristic,low,在使用语音标注工具时，（ ）种方法可以帮助标注员更准确地定位和分类音频中的声音。
single,389,D,heuristic,low,在人工智能领域，用于表示和存储结构化数据的文件类型扩展名通常是 （ ） 。
single,390,D,heuristic,low,在数据标注中，（ ）文件扩展名通常用于表示标注信息。
single,391,D,heuristic,low,在Python编程语言中，用于导入CSV文件的常用库是 （ ） 。
single,392,D,heuristic,medium,如果需要将CSV文件中的数据导入到数据库中，（ ）可能是必需的。
single,393,D,heuristic,low,在Python中，用于导入和处理Excel文件的常用库是 （ ） 。
single,394,D,heuristic,low,Excel文件通常具有 （ ） 扩展名，它是Microsoft Office套件中用于处理电子表格数据的文件格式。
single,395,D,heuristic,low,在Python中，用于导入和处理图像数据的常用库是 （ ） 。
single,396,D,heuristic,low,图像数据通常以像素为基本单位进行表示，每个像素包含颜色和（ ）信息。
single,397,D,heuristic,low,TXT文件的全称是 （ ） ，它是一种通用的文本文件格式，用于存储纯文本信息。
single,398,D,heuristic,low,在Python编程语言中，用于打开和读取TXT文件的常用函数是 （ ） 。
single,399,D,heuristic,low,Access数据库文件的扩展名通常是 （ ） ，它是Microsoft Office套件中用于存储和管理关系型数据库的文件格式。
single,400,D,heuristic,low,在Microsoft Access中，用于导入外部数据的工具是 （ ） 。
single,401,D,heuristic,low,关于知识整理方法的分类，正确的陈述是（ ）。
single,402,A,heuristic,low,人工智能知识整理方法中（ ）不属于常见的知识表示形式。
single,403,D,heuristic,low,在（ ）中，人类专家的角色主要是定义问题和提供领域知识，而计算机则负责执行复杂的推理和决策过程。
single,404,A,heuristic,low,不属于知识整理的常用方法的是（ ）。
single,405,C,heuristic,low,人工智能知识整理方法在处理大量数据时，可以显著提高数据的（ ）和准确性。
single,406,C,heuristic,high,关于知识整理的重要性说法错误的是（ ）。
single,407,D,heuristic,low,在知识整理过程中，选择合适的工具对于提高工作效率至关重要。（ ）最适合处理大量非结构化数据。
single,408,D,heuristic,low,（ ）不是常用的知识整理工具。
single,409,D,heuristic,low,在智能服务系统中，知识整理通常涉及对大量数据的（ ）处理，以便更好地理解和满足用户需求。
single,410,D,heuristic,low,智能服务系统中的知识整理过程包括对知识的（ ），以实现知识的有效组织和应用。
single,411,D,heuristic,low,当处理具有相似结构或特征的数据时，使用对比式整理方法可以清晰地揭示它们之间的共性和差异。与此同时，图表式整理方法在呈现大量复杂数据时，往往能够实现更好的（ ）效果。
single,412,D,heuristic,low,图表式整理的主要特点是（ ）。
single,413,D,heuristic,low,在面对海量信息时，关键词整理方法通过提取文本中的关键词来实现快速的信息筛选与分类。然而，这种方法可能忽略了上下文信息，导致结果不够精确。相比之下，问题式整理方法更注重（ ）的理解，以提高知识检索的相关性和准确性。
single,414,B,heuristic,medium,问题式整理的主要特点是（ ）。
single,415,D,heuristic,low,数据整理过程中，通常需要对数据进行（ ），以确保数据的质量和准确性。
single,416,D,heuristic,low,数据整理的定义是（ ）。
single,417,B,heuristic,low,在进行数据分析之前要进行数据整理，其理由不包括（ ）。
single,418,B,heuristic,medium,数据整理的主要作用是（ ）。
single,419,D,heuristic,low,在数据整理过程中，数据转换是将数据从一种格式或结构转换成另一种格式或结构的过程。这个过程通常发生在数据清洗之后，目的是使数据更适合用于（ ）。
single,420,D,heuristic,low,对于调查得到的数据资料，在进行了审核与整理之后，调研人员就可以着手建立数据库了，这是数据整理步骤中的（ ）。
single,421,D,heuristic,low,当数据集来自多个不同的源时，需要使用（ ）技术来整合这些异构数据源，以便于进行统一的数据分析。
single,422,D,heuristic,low,使用经过训练的算法模型能快速准确地识别出当前图片中的猫和狗。它包含的是数据整理中的（ ）技术。
single,423,D,heuristic,medium,当面对缺失数据时，（ ）方法是一种常用的处理策略，它涉及填补缺失值或使用统计方法来估计它们。
single,424,D,heuristic,low,（ ）不是常见的数据整理方法。
single,425,D,heuristic,low,在数据整理过程中，（ ）工具可以帮助自动化识别和修正数据集中的重复记录，从而提高数据的质量和准确性。
single,426,D,heuristic,low,（ ）数据整理工具成为企业级数据集成及商业智能套件Pentaho的主要组成部分。
single,427,C,heuristic,low,一个数据整理的挑战是数据质量问题，如异常值和重复记录。为了有效地解决这些问题，可以采用（ ）方法，结合业务知识和自动化工具来识别和处理异常数据。
single,428,C,heuristic,low,在数据整理过程中，（ ）不是一个常见的挑战。
single,429,D,heuristic,low,（ ）不是智能应用的典型例子。
single,430,A,heuristic,low,智能应用中不包括（ ）。
single,431,D,heuristic,low,智能应用开发中，（ ）是一种能够自动学习和改进的系统，它通过不断与环境互动来优化其性能。
single,432,D,heuristic,low,在智能产品应用实现中，（ ）是智能应用实现的主流方法。
single,433,D,heuristic,low,汽车通过集成传感器、摄像头和高级算法，能够在各种路况下实现自主导航，这属于（ ）应用场景。
single,434,D,heuristic,low,（ ）基础是人工智能应用场景开发落地的前提。
single,435,A,heuristic,medium,为了提高智能应用的交互性，设计师通常会采用（ ）设计原则，使用户能够更直观地理解操作结果。
single,436,C,heuristic,medium,在智能应用的用户体验设计中，（ ）最能体现设计的人性化。
single,437,D,heuristic,medium,智能应用的数据安全策略中，（ ）是指通过设置严格的访问控制和审计机制，确保只有授权用户才能访问敏感数据。
single,438,D,heuristic,low,在智能应用的数据安全与隐私保护中，（ ）措施是用来防止未授权访问数据的最有效方法。
single,439,D,heuristic,low,当智能应用需要引入新功能或改进现有功能时，应采取（ ）策略，以确保用户能够平滑地过渡到新版本。
single,440,C,heuristic,medium,在智能应用的维护与升级策略中，（ ）措施最关键以确保应用持续符合用户需求和技术发展。
single,441,D,heuristic,low,为了优化智能应用，开发者通常会采用（ ）策略，根据评估结果调整模型参数和算法，以提高应用性能。
single,442,D,heuristic,low,在智能应用的效果评估与优化过程中，（ ）是评估应用性能的重要指标。
single,443,D,heuristic,low,智能数据平台的核心功能之一是（ ），它使得平台能够自动地从大量数据中提取有价值的信息和洞察。
single,444,D,heuristic,low,在构建智能数据平台时，为了确保数据的安全性和合规性，需要实施严格的（ ）策略，包括数据加密、访问控制和合规性审查等措施。
single,445,D,heuristic,low,智能数据平台通常提供（ ）功能，允许用户通过拖拽式界面轻松创建复杂的数据分析流程。
single,446,D,heuristic,low,智能数据平台中，（ ）功能可以帮助用户快速发现数据中的异常值和趋势，从而做出及时的决策。
single,447,D,heuristic,low,在智能数据平台的技术架构中，（ ）负责保存和管理大量数据，为上层应用提供稳定、高效的数据访问服务。
single,448,D,heuristic,low,智能数据平台通常采用（ ）技术来处理和分析大规模数据集，从而发现数据中的潜在模式和关联关系。
single,449,D,heuristic,low,在智能数据平台的业务应用中，（ ）功能可以帮助企业实时监控业务绩效，从而及时调整战略和运营计划。
single,450,D,heuristic,medium,智能数据平台通过提供（ ）服务，使企业能够基于数据做出更加明智的决策，并实现业务增长。
single,451,D,heuristic,low,在智能数据平台的产品架构中，（ ）模块负责数据的采集、清洗和整合，为后续的数据分析和挖掘提供高质量的数据源。
single,452,D,heuristic,low,智能数据平台的产品架构通常包括（ ）层，该层提供丰富的API接口和数据服务，支持上层应用的数据访问和处理需求。
single,453,D,heuristic,medium,智能数据平台的运维过程中，（ ）是确保数据安全性和完整性的重要措施，可以防止数据丢失或遭受恶意攻击。
single,454,D,heuristic,low,为了提高智能数据平台的性能和可用性，运维团队需要定期进行（ ），以检测和解决潜在的更大数据的性能瓶颈和故障问题。
single,455,D,heuristic,medium,在智能数据平台的安全策略中，（ ）是指通过对数据访问进行严格的身份验证和权限控制，确保只有授权用户才能访问敏感数据。
single,456,D,heuristic,low,为了防止数据泄露和滥用，智能数据平台应采用（ ）策略，对敏感数据进行处理，以降低数据泄露的风险。
single,457,D,heuristic,low,在数据处理过程中，数据拆分通常用于解决（ ）问题，通过将大任务分解为小任务来提高计算效率。
single,458,D,heuristic,low,在机器学习中，当训练数据集过大时，可以采用（ ）技术将数据集分割成较小的子集，以便更快地进行模型训练和验证。
single,459,D,heuristic,low,对于某些复杂的问题，可能需要更多的训练数据来提高模型的泛化能力。在这种情况下，可以采用（ ）比例进行训练集和测试集的拆分。
single,460,D,heuristic,low,在机器学习中，为了评估模型的性能，通常将数据集拆分为训练集和测试集。当数据集规模较小且问题相对简单时，可以采用（ ）比例进行拆分。
single,461,B,heuristic,medium,在机器学习中，使用固定随机种子可以确保每次实验的随机数生成具有（ ），从而方便结果的对比和分析。
single,462,D,heuristic,low,研究需要复现实验结果时，应采用（ ）随机种子策略，以保证在不同实验中生成相同的随机数序列。
single,463,D,heuristic,low,在K折交叉验证中，为了确保评估结果的稳定性和可靠性，通常会进行（ ）次实验，每次实验使用不同的数据划分。
single,464,D,heuristic,low,在K折交叉验证过程中，为了获得模型性能的更准确估计，需要进行（ ）次实验，每次实验使用不同的数据划分。
single,465,D,heuristic,low,公式拆解法的核心思想是将复杂的数学公式按照（ ）进行分解，从而简化计算过程。
single,466,D,heuristic,low,在机器学习中，梯度下降算法通过公式拆解法来（ ），以实现对模型参数的有效更新。
single,467,A,heuristic,medium,在路径规划算法中，A*搜索算法通过路径拆解法来（ ），从而找到从起点到终点的最短路径。
single,468,D,heuristic,low,在强化学习中，Q学习算法通过路径拆解法来（ ），以便智能体能够在不同状态下做出最优决策。
single,469,D,heuristic,low,在人工智能项目中，采用模块拆解法可以将复杂的系统分解为独立的（ ），便于管理和维护。
single,470,D,heuristic,low,在机器学习中，模型训练过程可以通过模块拆解法将数据预处理、特征提取、模型选择和评估等多个（ ）进行分离，以提高训练效率。
single,471,D,heuristic,low,在人工智能应用中，经过处理和分析的数据被称为（ ），它可以用来支持决策、优化流程和提高效率。
single,472,D,heuristic,low,在机器学习中，特征工程是一个关键步骤，它涉及从原始数据中提取有意义的（ ）以供模型使用。
single,473,D,heuristic,low,在数据分析过程中，数据清洗主要是为了确保数据的质量和准确性，不需要去除（ ）。
single,474,A,heuristic,low,数据探索阶段的主要目的是通过可视化手段和统计方法对数据进行初步分析，不包括（ ）。
single,475,A,heuristic,medium,在统计学中，用于描述数据集中趋势的主要指标有平均数、中位数和（ ）。
single,476,D,heuristic,low,在统计学中，用于衡量数据分散程度的指标有方差、标准差和（ ）。
single,477,A,heuristic,low,描述性统计分析中，用于衡量数据集中趋势的指标不包括（ ）。
single,478,C,heuristic,medium,在描述性统计分析中，用于描述数据分布形态的指标有偏态和（ ）。
single,479,D,heuristic,low,探索性分析的一种类型是描述性探索性分析，它主要通过图表和（ ）来展示数据的基本特征。
single,480,D,heuristic,low,在探索性分析中，为了发现变量间的潜在关系，研究者可能会使用（ ）技术。
single,481,D,heuristic,medium,在相关性分析中，用于衡量两个变量之间线性相关程度的指标是（ ）。
single,482,D,heuristic,low,当数据不满足正态分布假设时，进行相关性分析应选用（ ）相关系数。
single,483,D,heuristic,low,数据可视化可以采用多种形式，包括静态图像如柱状图、折线图、动态图像如（ ）和交互式图像。
single,484,D,heuristic,low,数据可视化旨在将复杂的数据集转化为直观的（ ）形式，以便于理解和分析。
single,485,D,heuristic,low,除了分析功能外，工具的（ ）也是选择时需要权衡的因素，它会影响到数据分析师的工作效率和体验。
single,486,D,heuristic,low,在某些情况下，特别是当处理大量数据或复杂分析任务时，使用（ ）技术可以显著提高数据分析的速度和准确性。
single,487,D,heuristic,low,在数据分析工具中，导入数据前通常需要对数据进行（ ），以便工具能够识别并正确处理不同的数据类型。
single,488,D,heuristic,low,使用数据分析工具导入数据时，如果源数据位于远程服务器上，需要先进行（ ）操作，然后才能进行数据导入。
single,489,D,heuristic,low,Excel中的（ ）函数用于计算一组数值的平均值。
single,490,D,heuristic,low,在Excel中，使用（ ）公式可以计算两个或多个单元格的文本内容是否相同。
single,491,D,heuristic,low,在进行探索性数据分析时，Excel中（ ）能最常用于识别数据中的异常值或离群点。
single,492,D,heuristic,low,在Excel中，使用（ ）工具可以快速查看数据的分布情况，包括均值、中位数、众数等统计信息。
single,493,D,heuristic,low,当我们在Excel中发现数据中存在重复项时，可以使用（ ）功能来删除重复数据，以避免对分析结果产生不良影响。
single,494,D,heuristic,low,在Excel中，对于缺失数据的处理，一种常见的方法是使用（ ）函数来填充缺失值，以便进行进一步的数据分析。
single,495,D,heuristic,low,当需要汇总大量数据时，Excel中的（ ）功能可以快速计算特定条件下的数据总和、平均值、计数等统计信息。
single,496,D,heuristic,low,若要在Excel中对比不同类别或时间段的数据，可以使用（ ）功能创建柱状图、折线图或饼图等可视化图表，以便直观地展示数据差异。
single,497,D,heuristic,low,若要在Excel中创建一个比较不同类别之间数量的图表，最适合使用的是（ ）图表类型。
single,498,D,heuristic,low,数据标注员在处理数据时，通常需要使用（ ）工具进行数据整理和基本的数据分析。
single,499,D,heuristic,low,若要在Excel中识别数据中的异常值，可以使用（ ）图表类型，它有助于可视化数据分布并检测离群点。
single,500,D,heuristic,low,在Excel中，要快速从大量数据中筛选出包含特定关键字的行，通常使用（ ）功能。
